"VERKAUFSORT","GESAMTUMSATZ","VERKÄUFE","Durchscnittlicher Umsatz pro Verkauf","Prozentualer Gesamtanteil"
"F_FI0004",7434.96,2,3717.48,15.99202609843870955807782340363338206608
"F_FI0003",6115.9,2,3057.95,13.1548296716379514867932255391127055664
"F_FI0002",11083.93,2,5541.965,23.84067941633415190291077950092995153756
"F_FI0001",21856.88,4,5464.22,47.01246481358918705221817155632396082997
